tile,status,reason,path,checked_at,sample_count,valid_count,nodata_count,min_m,max_m,mean_m
N10E105,OK,OK,D:\MWpre_planning_standalone_59c8a8a\data\dem\N10E105.tif,2026-07-01T14:43:36.750004+00:00,25,25,0,0.0,5.27,2.66
N10E106,OK,OK,D:\MWpre_planning_standalone_59c8a8a\data\dem\N10E106.tif,2026-07-01T14:43:37.261184+00:00,25,25,0,0.0,23.56,4.24
N10E107,OK,OK,D:\MWpre_planning_standalone_59c8a8a\data\dem\N10E107.tif,2026-07-01T14:43:37.704116+00:00,25,25,0,0.0,143.55,34.8
N10E108,SUSPECT,FLAT_SAMPLE_GRID,D:\MWpre_planning_standalone_59c8a8a\data\dem\N10E108.tif,2026-07-01T14:43:38.103228+00:00,25,25,0,0.0,0.0,0.0
N10E109,SUSPECT,SOME_INVALID_SAMPLES,D:\MWpre_planning_standalone_59c8a8a\data\dem\N10E109.tif,2026-07-01T14:43:38.403800+00:00,25,19,6,-466.0,-31.0,-203.63
N11E011,OK,OK,D:\MWpre_planning_standalone_59c8a8a\data\dem\N11E011.tif,2026-07-01T14:43:38.410259+00:00,25,25,0,268.21,478.19,384.88
N11E012,OK,OK,D:\MWpre_planning_standalone_59c8a8a\data\dem\N11E012.tif,2026-07-01T14:43:38.811255+00:00,25,25,0,330.69,511.34,394.32
N11E105,OK,OK,D:\MWpre_planning_standalone_59c8a8a\data\dem\N11E105.tif,2026-07-01T14:43:39.232846+00:00,25,25,0,1.0,41.25,11.02
N11E106,OK,OK,D:\MWpre_planning_standalone_59c8a8a\data\dem\N11E106.tif,2026-07-01T14:43:39.675451+00:00,25,25,0,2.66,173.41,58.57
N11E107,OK,OK,D:\MWpre_planning_standalone_59c8a8a\data\dem\N11E107.tif,2026-07-01T14:43:40.177526+00:00,25,25,0,61.5,1076.21,410.29
N11E108,OK,OK,D:\MWpre_planning_standalone_59c8a8a\data\dem\N11E108.tif,2026-07-01T14:43:40.792654+00:00,25,25,0,0.0,1360.04,533.2
N11E109,OK,OK,D:\MWpre_planning_standalone_59c8a8a\data\dem\N11E109.tif,2026-07-01T14:43:41.274615+00:00,25,25,0,0.0,601.77,26.22
N12E011,OK,OK,D:\MWpre_planning_standalone_59c8a8a\data\dem\N12E011.tif,2026-07-01T14:43:41.627207+00:00,25,25,0,317.27,366.88,343.03
N12E012,OK,OK,D:\MWpre_planning_standalone_59c8a8a\data\dem\N12E012.tif,2026-07-01T14:43:42.198488+00:00,25,25,0,297.78,353.56,321.6
N12E105,OK,OK,D:\MWpre_planning_standalone_59c8a8a\data\dem\N12E105.tif,2026-07-01T14:43:42.754991+00:00,25,25,0,10.92,107.74,43.52
N12E106,OK,OK,D:\MWpre_planning_standalone_59c8a8a\data\dem\N12E106.tif,2026-07-01T14:43:43.284036+00:00,25,25,0,33.84,225.53,110.42
N12E107,OK,OK,D:\MWpre_planning_standalone_59c8a8a\data\dem\N12E107.tif,2026-07-01T14:43:43.837929+00:00,25,25,0,187.84,899.94,487.09
N12E108,OK,OK,D:\MWpre_planning_standalone_59c8a8a\data\dem\N12E108.tif,2026-07-01T14:43:44.590338+00:00,25,25,0,41.65,1756.73,745.94
N12E109,OK,OK,D:\MWpre_planning_standalone_59c8a8a\data\dem\N12E109.tif,2026-07-01T14:43:45.796335+00:00,25,25,0,0.0,653.28,40.03
N13E105,OK,OK,D:\MWpre_planning_standalone_59c8a8a\data\dem\N13E105.tif,2026-07-01T14:43:46.603151+00:00,25,25,0,40.0,163.21,92.14
N13E106,OK,OK,D:\MWpre_planning_standalone_59c8a8a\data\dem\N13E106.tif,2026-07-01T14:43:47.180676+00:00,25,25,0,57.49,247.42,113.51
N13E107,OK,OK,D:\MWpre_planning_standalone_59c8a8a\data\dem\N13E107.tif,2026-07-01T14:43:47.686998+00:00,25,25,0,108.67,646.58,226.28
N13E108,OK,OK,D:\MWpre_planning_standalone_59c8a8a\data\dem\N13E108.tif,2026-07-01T14:43:48.207965+00:00,25,25,0,17.5,983.41,448.03
N13E109,OK,OK,D:\MWpre_planning_standalone_59c8a8a\data\dem\N13E109.tif,2026-07-01T14:43:48.681200+00:00,25,25,0,0.0,218.93,29.56
N14E105,OK,OK,D:\MWpre_planning_standalone_59c8a8a\data\dem\N14E105.tif,2026-07-01T14:43:49.043132+00:00,25,25,0,71.96,413.31,148.3
N14E106,OK,OK,D:\MWpre_planning_standalone_59c8a8a\data\dem\N14E106.tif,2026-07-01T14:43:49.548272+00:00,25,25,0,70.34,912.35,260.64
N14E107,OK,OK,D:\MWpre_planning_standalone_59c8a8a\data\dem\N14E107.tif,2026-07-01T14:43:50.044260+00:00,25,25,0,119.33,1983.64,625.33
N14E108,OK,OK,D:\MWpre_planning_standalone_59c8a8a\data\dem\N14E108.tif,2026-07-01T14:43:50.502964+00:00,25,25,0,7.42,1520.83,646.19
N14E109,OK,OK,D:\MWpre_planning_standalone_59c8a8a\data\dem\N14E109.tif,2026-07-01T14:43:50.956403+00:00,25,25,0,0.0,13.8,0.86
N15E015,OK,OK,D:\MWpre_planning_standalone_59c8a8a\data\dem\N15E015.tif,2026-07-01T14:43:51.254423+00:00,25,25,0,280.77,361.35,321.42
N15E105,OK,OK,D:\MWpre_planning_standalone_59c8a8a\data\dem\N15E105.tif,2026-07-01T14:43:51.693135+00:00,25,25,0,102.05,569.13,192.42
N15E106,OK,OK,D:\MWpre_planning_standalone_59c8a8a\data\dem\N15E106.tif,2026-07-01T14:43:52.158461+00:00,25,25,0,129.55,1254.92,568.16
N15E107,OK,OK,D:\MWpre_planning_standalone_59c8a8a\data\dem\N15E107.tif,2026-07-01T14:43:52.601372+00:00,25,25,0,216.15,1746.25,959.0
N15E108,OK,OK,D:\MWpre_planning_standalone_59c8a8a\data\dem\N15E108.tif,2026-07-01T14:43:53.042352+00:00,25,25,0,0.0,1348.23,150.44
N15E109,SUSPECT,FLAT_SAMPLE_GRID,D:\MWpre_planning_standalone_59c8a8a\data\dem\N15E109.tif,2026-07-01T14:43:53.421164+00:00,25,25,0,0.0,0.0,0.0
N16E105,OK,OK,D:\MWpre_planning_standalone_59c8a8a\data\dem\N16E105.tif,2026-07-01T14:43:53.814441+00:00,25,25,0,131.61,329.84,185.87
N16E106,OK,OK,D:\MWpre_planning_standalone_59c8a8a\data\dem\N16E106.tif,2026-07-01T14:43:54.272476+00:00,25,25,0,75.08,1576.3,445.17
N16E107,OK,OK,D:\MWpre_planning_standalone_59c8a8a\data\dem\N16E107.tif,2026-07-01T14:43:54.687759+00:00,25,25,0,0.0,1404.61,237.26
N16E108,OK,OK,D:\MWpre_planning_standalone_59c8a8a\data\dem\N16E108.tif,2026-07-01T14:43:55.070796+00:00,25,25,0,0.0,1.68,0.07
N16E109,SUSPECT,SOME_INVALID_SAMPLES,D:\MWpre_planning_standalone_59c8a8a\data\dem\N16E109.tif,2026-07-01T14:43:55.359175+00:00,25,14,11,-389.0,-4.0,-148.86
N17E105,OK,OK,D:\MWpre_planning_standalone_59c8a8a\data\dem\N17E105.tif,2026-07-01T14:43:55.372081+00:00,25,25,0,123.92,903.93,391.09
N17E106,OK,OK,D:\MWpre_planning_standalone_59c8a8a\data\dem\N17E106.tif,2026-07-01T14:43:55.865696+00:00,25,25,0,0.0,1291.6,233.23
N17E107,SUSPECT,FLAT_SAMPLE_GRID,D:\MWpre_planning_standalone_59c8a8a\data\dem\N17E107.tif,2026-07-01T14:43:56.306951+00:00,25,25,0,0.0,0.0,0.0
N17E108,OK,OK,D:\MWpre_planning_standalone_59c8a8a\data\dem\N17E108.tif,2026-07-01T14:43:56.586353+00:00,25,25,0,-98.0,-42.0,-82.6
N17E109,SUSPECT,SOME_INVALID_SAMPLES,D:\MWpre_planning_standalone_59c8a8a\data\dem\N17E109.tif,2026-07-01T14:43:56.599000+00:00,25,24,1,-221.0,-63.0,-109.08
N18E105,OK,OK,D:\MWpre_planning_standalone_59c8a8a\data\dem\N18E105.tif,2026-07-01T14:43:56.614105+00:00,25,25,0,0.0,1388.61,303.32
N18E106,OK,OK,D:\MWpre_planning_standalone_59c8a8a\data\dem\N18E106.tif,2026-07-01T14:43:57.030575+00:00,25,25,0,0.0,131.03,5.36
N18E107,OK,OK,D:\MWpre_planning_standalone_59c8a8a\data\dem\N18E107.tif,2026-07-01T14:43:57.388313+00:00,25,25,0,-90.0,-40.0,-68.52
N18E108,OK,OK,D:\MWpre_planning_standalone_59c8a8a\data\dem\N18E108.tif,2026-07-01T14:43:57.403344+00:00,25,25,0,0.0,826.13,42.63
N18E109,OK,OK,D:\MWpre_planning_standalone_59c8a8a\data\dem\N18E109.tif,2026-07-01T14:43:57.720436+00:00,25,25,0,0.0,1592.84,280.88
S11E015,OK,OK,D:\MWpre_planning_standalone_59c8a8a\data\dem\S11E015.tif,2026-07-01T14:43:58.210705+00:00,25,25,0,1076.93,1622.68,1301.54
S12E015,OK,OK,D:\MWpre_planning_standalone_59c8a8a\data\dem\S12E015.tif,2026-07-01T14:43:58.636140+00:00,25,25,0,1214.88,1834.53,1539.79
